country,total_revenue
USA,628487.8599999998
"New Zealand",557059.8499999999
Australia,505497.64
UK,497061.54000000004
Canada,374562.30999999994
India,346434.9199999999
