month,total_revenue,previous_month_revenue,growth_percent
1,359762.51000000007,NULL,NULL
2,214024.56000000003,359762.51000000007,-40.51
3,484101.5899999999,214024.56000000003,126.19
4,452650.04000000004,484101.5899999999,-6.5
5,396609.08999999997,452650.04000000004,-12.38
6,367001.64999999997,396609.08999999997,-7.47
7,359655.7299999999,367001.64999999997,-2
8,275298.94999999995,359655.7299999999,-23.45
